{
  "data": {
    "login": []
  },
  "message": "Recent Activities",
  "records": [
    {
      "columnname": [],
      "count": 0,
      "date": "2016-11-09",
      "dropdownlist": [],
      "recentactivitiy": [
        {
          "module": "logout",
          "status": "you last logout on 2016-11-9 at 12:59:36 AM",
          "time": "12:59:36 AM"
        }
      ]
    },
    {
      "columnname": [],
      "count": 0,
      "date": "2016-11-08",
      "dropdownlist": [],
      "recentactivitiy": [
        {
          "module": "logout",
          "status": "you last logout on 2016-11-8 at 12:59:36 AM",
          "time": "12:59:36 AM"
        },
        {
          "module": "logout",
          "status": "you last logout on 2016-11-8 at 12:59:35 AM",
          "time": "12:59:35 AM"
        },
        {
          "module": "logout",
          "status": "you last logout on 2016-11-8 at 12:59:35 AM",
          "time": "12:59:35 AM"
        },
        {
          "module": "logout",
          "status": "you last logout on 2016-11-8 at 12:59:28 AM",
          "time": "12:59:28 AM"
        },
        {
          "module": "logout",
          "status": "you last logout on 2016-11-8 at 12:59:27 AM",
          "time": "12:59:27 AM"
        },
        {
          "module": "login",
          "status": "you last logon on 2016-11-8 at 12:50:56 AM",
          "time": "12:50:56 AM"
        },
        {
          "module": "logout",
          "status": "you last logout on 2016-11-8 at 12:50:50 AM",
          "time": "12:50:50 AM"
        },
        {
          "module": "user",
          "status": "you updated user on 2016-11-8 at 12:36:36 AM",
          "time": "12:36:36 AM"
        },
        {
          "module": "login",
          "status": "you last logon on 2016-11-8 at 12:35:43 AM",
          "time": "12:35:43 AM"
        },
        {
          "module": "logout",
          "status": "you last logout on 2016-11-8 at 12:35:39 AM",
          "time": "12:35:39 AM"
        },
        {
          "module": "login",
          "status": "you last logon on 2016-11-8 at 12:22:30 AM",
          "time": "12:22:30 AM"
        },
        {
          "module": "logout",
          "status": "you last logout on 2016-11-8 at 12:22:25 AM",
          "time": "12:22:25 AM"
        }
      ]
    }
  ],
  "type": "success"
}