{"data":{"login":[]},"message":"AutoProvisioning success","records":[{"autoprovision":[{"notprovisioned"
:[{"guid":"4","resourcename":"Untrusted","status":"Role Added failed","username":"Ada Jensen"},{"guid"
:"25","resourcename":"Untrusted","status":"Role Added failed","username":"Alexandria Peter"},{"guid"
:"51","resourcename":"Untrusted","status":"Role Added failed","username":"kannna G"},{"guid":"53","resourcename"
:"Untrusted","status":"Role Added failed","username":"null null"},{"guid":"54","resourcename":"Untrusted"
,"status":"Role Added failed","username":"null null"}],"notprovisionedcount":5,"provisioned":[{"guid":"857","resourcename":"HRMS","status":"Provisioned"
,"username":"priyanka chopra"}],"provisionedcount":1}],"columnname":[],"count":0,"dropdownlist":[]}]
,"type":"success"}